;timestamp;currentGold;dominionScore;jungleMinionsKilled;level;minionsKilled;participantId;position;teamScore;totalGold;xp;kill;assist;death;summonerName
0;60000;5;0;0;1;0;1;{u'y': 12750, u'x': 5888};0;475;0;0;0;0;TSM Dyrus
1;120000;61;0;0;1;0;1;{u'y': 2551, u'x': 9012};0;531;0;0;0;0;TSM Dyrus
2;180000;213;0;3;1;0;1;{u'y': 2347, u'x': 10566};0;684;225;0;0;0;TSM Dyrus
3;240000;348;0;3;2;1;1;{u'y': 2084, u'x': 8304};0;818;401;0;0;0;TSM Dyrus
4;300000;517;0;3;3;4;1;{u'y': 1290, u'x': 10843};0;987;725;0;0;0;TSM Dyrus
5;360000;784;0;3;4;11;1;{u'y': 2436, u'x': 8438};0;1254;1259;0;0;0;TSM Dyrus
6;420000;917;0;4;4;11;1;{u'y': 1919, u'x': 7981};0;1387;1426;0;0;0;TSM Dyrus
7;480000;1036;0;4;4;11;1;{u'y': 4701, u'x': 6588};0;1506;1426;0;0;0;TSM Dyrus
8;540000;222;0;7;5;11;1;{u'y': 7575, u'x': 3127};0;1707;1729;0;0;0;TSM Dyrus
9;600000;478;0;7;5;12;1;{u'y': 13374, u'x': 6092};0;1963;1966;0;0;0;TSM Dyrus
10;660000;221;0;8;5;12;1;{u'y': 5968, u'x': 4114};0;2091;2026;0;0;0;TSM Dyrus
11;720000;409;0;10;5;12;1;{u'y': 7883, u'x': 1556};0;2279;2389;0;0;1;TSM Dyrus
12;780000;323;0;10;6;12;1;{u'y': 9355, u'x': 993};0;2518;2478;0;0;1;TSM Dyrus
13;840000;616;0;10;6;22;1;{u'y': 7236, u'x': 1349};0;2811;3054;0;0;1;TSM Dyrus
14;900000;448;0;10;7;28;1;{u'y': 1456, u'x': 7791};0;3043;3307;0;0;1;TSM Dyrus
15;960000;110;0;10;7;32;1;{u'y': 2429, u'x': 1661};0;3380;3988;0;1;2;TSM Dyrus
16;1020000;436;0;10;8;34;1;{u'y': 5496, u'x': 9337};0;3706;4189;0;1;2;TSM Dyrus
17;1080000;445;0;14;8;34;1;{u'y': 9018, u'x': 1058};0;3895;4707;0;1;2;TSM Dyrus
18;1140000;1001;0;14;9;56;1;{u'y': 11521, u'x': 1924};0;4451;5700;0;1;2;TSM Dyrus
19;1200000;853;0;18;10;56;1;{u'y': 1140, u'x': 3769};0;4723;6304;0;1;2;TSM Dyrus
20;1260000;1130;0;20;10;59;1;{u'y': 1603, u'x': 6711};0;4999;6814;0;1;2;TSM Dyrus
21;1320000;1546;0;20;11;73;1;{u'y': 4371, u'x': 8938};0;5416;7647;0;1;2;TSM Dyrus
22;1380000;835;0;21;11;73;1;{u'y': 768, u'x': 846};0;5585;7722;0;1;2;TSM Dyrus
23;1440000;731;0;21;11;84;1;{u'y': 1048, u'x': 632};0;5940;8314;0;1;2;TSM Dyrus
24;1500000;868;0;21;11;84;1;{u'y': 6890, u'x': 8154};0;6077;8521;0;1;2;TSM Dyrus
25;1560000;1100;0;21;12;86;1;{u'y': 2545, u'x': 10914};0;6309;8763;0;2;2;TSM Dyrus
26;1620000;437;0;23;12;86;1;{u'y': 1073, u'x': 4687};0;6506;9063;0;2;2;TSM Dyrus
27;1680000;884;0;23;12;101;1;{u'y': 1099, u'x': 8141};0;6953;9700;0;2;2;TSM Dyrus
28;1740000;1280;0;23;13;106;1;{u'y': 1400, u'x': 5588};0;7349;10077;0;2;2;TSM Dyrus
29;1800000;246;0;23;13;125;1;{u'y': 3407, u'x': 3928};0;7915;11056;0;2;2;TSM Dyrus
30;1860000;793;0;23;14;131;1;{u'y': 9587, u'x': 4578};0;8463;12057;0;2;2;TSM Dyrus
31;1920000;85;0;23;14;132;1;{u'y': 7452, u'x': 10574};0;8595;12169;0;2;2;TSM Dyrus
32;1980000;199;0;23;14;132;1;{u'y': 6074, u'x': 13222};0;8709;12320;0;2;2;TSM Dyrus
33;2040000;758;0;23;15;132;1;{u'y': 6936, u'x': 4714};0;9268;13069;0;5;2;TSM Dyrus
34;2100000;27;0;23;15;133;1;{u'y': 7303, u'x': 1375};0;9737;13492;0;6;2;TSM Dyrus
35;2160000;208;0;24;15;135;1;{u'y': 4592, u'x': 4881};0;9917;14134;0;6;2;TSM Dyrus
36;2220000;346;0;24;15;136;1;{u'y': 10895, u'x': 10568};0;10056;14662;0;6;2;TSM Dyrus
37;2280000;486;0;25;16;137;1;{u'y': 7400, u'x': 3926};0;10195;14851;0;6;2;TSM Dyrus
38;2340000;631;0;25;16;138;1;{u'y': 10136, u'x': 5186};0;10340;14851;0;6;2;TSM Dyrus
39;2400000;1050;0;25;16;138;1;{u'y': 9570, u'x': 13658};0;10759;15837;0;6;2;TSM Dyrus
40;2460000;1798;0;25;17;140;1;{u'y': 10701, u'x': 13517};0;11508;16935;0;10;2;TSM Dyrus
41;2520000;2107;0;25;17;141;1;{u'y': 12642, u'x': 12793};0;11817;17495;0;11;2;TSM Dyrus
42;60000;5;0;0;1;0;2;{u'y': 5218, u'x': 8036};0;475;0;0;0;0;TSM Santorin
43;120000;61;0;0;1;0;2;{u'y': 2496, u'x': 8430};0;531;0;0;0;0;TSM Santorin
44;180000;454;0;7;3;0;2;{u'y': 6535, u'x': 3832};0;924;692;0;0;0;TSM Santorin
45;240000;745;0;9;3;2;2;{u'y': 12359, u'x': 6129};0;1215;921;0;1;0;TSM Santorin
46;300000;277;0;15;4;2;2;{u'y': 5035, u'x': 8074};0;1517;1359;0;1;0;TSM Santorin
47;360000;599;0;19;5;2;2;{u'y': 8350, u'x': 2392};0;1839;1761;0;1;0;TSM Santorin
48;420000;984;0;25;5;2;2;{u'y': 12228, u'x': 5249};0;2224;2121;0;1;0;TSM Santorin
49;480000;671;0;28;5;2;2;{u'y': 4391, u'x': 6764};0;2461;2321;0;1;0;TSM Santorin
50;540000;999;0;35;6;2;2;{u'y': 10743, u'x': 6225};0;2789;2686;0;1;0;TSM Santorin
51;600000;1310;0;37;6;3;2;{u'y': 12377, u'x': 6250};0;3100;2932;0;1;0;TSM Santorin
52;660000;28;0;39;7;4;2;{u'y': 1623, u'x': 4792};0;3418;3182;0;1;0;TSM Santorin
53;720000;228;0;39;7;7;2;{u'y': 5524, u'x': 10808};0;3618;3182;0;1;0;TSM Santorin
54;780000;645;0;40;7;8;2;{u'y': 5429, u'x': 9096};0;4035;3384;0;1;0;TSM Santorin
55;840000;218;0;49;8;8;2;{u'y': 3924, u'x': 1440};0;4468;4084;0;1;0;TSM Santorin
56;900000;486;0;52;8;9;2;{u'y': 7047, u'x': 6692};0;4736;4312;0;1;0;TSM Santorin
57;960000;288;0;58;9;17;2;{u'y': 1564, u'x': 2148};0;5538;5722;1;1;0;TSM Santorin
58;1020000;669;0;62;10;17;2;{u'y': 5413, u'x': 11919};0;5919;6201;1;1;0;TSM Santorin
59;1080000;55;0;65;10;17;2;{u'y': 1793, u'x': 7942};0;6155;6403;1;1;0;TSM Santorin
60;1140000;317;0;67;10;19;2;{u'y': 4219, u'x': 9630};0;6417;6603;1;1;0;TSM Santorin
61;1200000;674;0;70;10;20;2;{u'y': 7138, u'x': 3304};0;6774;7145;1;1;0;TSM Santorin
62;1260000;239;0;70;10;20;2;{u'y': 1092, u'x': 6287};0;6889;7145;1;1;0;TSM Santorin
63;1320000;544;0;74;11;25;2;{u'y': 7608, u'x': 10791};0;7194;7656;1;1;0;TSM Santorin
64;1380000;28;0;76;11;25;2;{u'y': 4234, u'x': 4412};0;7478;8106;1;1;0;TSM Santorin
65;1440000;332;0;79;12;28;2;{u'y': 7712, u'x': 5638};0;7782;8718;1;1;0;TSM Santorin
66;1500000;660;0;85;12;28;2;{u'y': 6365, u'x': 9506};0;8110;9118;1;1;0;TSM Santorin
67;1560000;976;0;85;12;30;2;{u'y': 2200, u'x': 11935};0;8426;9535;1;3;0;TSM Santorin
68;1620000;296;0;89;12;30;2;{u'y': 5953, u'x': 4514};0;8646;9914;1;3;0;TSM Santorin
69;1680000;160;0;93;13;30;2;{u'y': 5068, u'x': 4335};0;8985;10346;1;3;0;TSM Santorin
70;1740000;472;0;93;13;32;2;{u'y': 8406, u'x': 9172};0;9298;10619;1;3;0;TSM Santorin
71;1800000;728;0;97;13;33;2;{u'y': 5580, u'x': 5406};0;9553;10938;1;3;0;TSM Santorin
72;1860000;1407;0;101;14;36;2;{u'y': 9248, u'x': 4788};0;10232;12110;1;3;0;TSM Santorin
73;1920000;101;0;101;14;40;2;{u'y': 7831, u'x': 11202};0;10427;12279;1;3;0;TSM Santorin
74;1980000;330;0;103;14;40;2;{u'y': 7304, u'x': 12861};0;10656;12574;1;3;0;TSM Santorin
75;2040000;1186;0;106;15;40;2;{u'y': 7203, u'x': 4730};0;11511;13765;2;5;0;TSM Santorin
76;2100000;57;0;106;15;41;2;{u'y': 2814, u'x': 2113};0;12033;14381;2;6;0;TSM Santorin
77;2160000;565;0;109;16;52;2;{u'y': 7590, u'x': 7021};0;12541;15203;2;6;0;TSM Santorin
78;2220000;749;0;110;16;54;2;{u'y': 11410, u'x': 10844};0;12725;15456;2;6;0;TSM Santorin
79;2280000;563;0;113;16;54;2;{u'y': 5780, u'x': 4955};0;12939;15666;2;6;0;TSM Santorin
80;2340000;708;0;113;16;55;2;{u'y': 9956, u'x': 4874};0;13084;15666;2;6;0;TSM Santorin
81;2400000;1232;0;115;17;55;2;{u'y': 9739, u'x': 13729};0;13608;16554;2;6;0;TSM Santorin
82;2460000;180;0;115;17;58;2;{u'y': 1532, u'x': 2097};0;13906;16832;2;7;0;TSM Santorin
83;2520000;439;0;119;17;58;2;{u'y': 461, u'x': 394};0;14165;17032;2;7;0;TSM Santorin
84;60000;10;0;0;1;0;3;{u'y': 5775, u'x': 6055};0;475;0;0;0;0;TSM Bjergsen
85;120000;66;0;0;1;0;3;{u'y': 7373, u'x': 7237};0;531;0;0;0;0;TSM Bjergsen
86;180000;341;0;0;2;9;3;{u'y': 7111, u'x': 6646};0;806;499;0;0;0;TSM Bjergsen
87;240000;706;0;0;4;22;3;{u'y': 7595, u'x': 7457};0;1171;1179;0;0;0;TSM Bjergsen
88;300000;182;0;0;4;32;3;{u'y': 6730, u'x': 6763};0;1477;1604;0;0;0;TSM Bjergsen
89;360000;460;0;0;5;41;3;{u'y': 7437, u'x': 7067};0;1755;2134;0;0;0;TSM Bjergsen
90;420000;831;0;0;6;54;3;{u'y': 7361, u'x': 7141};0;2126;2756;0;0;0;TSM Bjergsen
91;480000;1250;0;0;7;69;3;{u'y': 8575, u'x': 8055};0;2545;3534;0;0;0;TSM Bjergsen
92;540000;33;0;0;7;75;3;{u'y': 5382, u'x': 4937};0;2768;3877;0;0;0;TSM Bjergsen
93;600000;552;0;1;8;87;3;{u'y': 8063, u'x': 7637};0;3287;4539;0;0;0;TSM Bjergsen
94;660000;913;0;1;9;99;3;{u'y': 8025, u'x': 7585};0;3648;5161;0;0;0;TSM Bjergsen
95;720000;1210;0;1;9;109;3;{u'y': 7906, u'x': 7622};0;3945;5799;0;0;0;TSM Bjergsen
96;780000;1659;0;1;10;119;3;{u'y': 7586, u'x': 7519};0;4394;6303;0;0;0;TSM Bjergsen
97;840000;35;0;1;10;129;3;{u'y': 5522, u'x': 1302};0;4720;6925;0;0;0;TSM Bjergsen
98;900000;468;0;4;11;140;3;{u'y': 13091, u'x': 2997};0;5153;7735;0;0;0;TSM Bjergsen
99;960000;240;0;4;11;153;3;{u'y': 2479, u'x': 12228};0;5542;8272;0;0;0;TSM Bjergsen
100;1020000;694;0;6;12;160;3;{u'y': 4190, u'x': 11789};0;5996;8627;0;0;0;TSM Bjergsen
101;1080000;40;0;6;12;173;3;{u'y': 1548, u'x': 8794};0;6362;9246;0;0;0;TSM Bjergsen
102;1140000;398;0;6;12;184;3;{u'y': 4365, u'x': 10166};0;6720;9868;0;0;0;TSM Bjergsen
103;1200000;101;0;7;13;188;3;{u'y': 7903, u'x': 3437};0;6933;10186;0;0;0;TSM Bjergsen
104;1260000;708;0;9;13;208;3;{u'y': 12235, u'x': 7493};0;7541;11241;0;0;0;TSM Bjergsen
105;1320000;989;0;9;14;215;3;{u'y': 7902, u'x': 7537};0;7821;11598;0;0;0;TSM Bjergsen
106;1380000;372;0;12;14;216;3;{u'y': 11265, u'x': 1834};0;8080;11873;0;0;0;TSM Bjergsen
107;1440000;808;0;12;14;231;3;{u'y': 10617, u'x': 1770};0;8515;12452;0;0;0;TSM Bjergsen
108;1500000;28;0;12;14;238;3;{u'y': 1283, u'x': 7278};0;8772;12776;0;0;0;TSM Bjergsen
109;1560000;842;0;12;15;252;3;{u'y': 2429, u'x': 10684};0;9586;13653;1;1;0;TSM Bjergsen
110;1620000;534;0;12;15;270;3;{u'y': 10528, u'x': 1322};0;10153;14485;1;1;0;TSM Bjergsen
111;1680000;212;0;15;16;276;3;{u'y': 11568, u'x': 3849};0;10494;14910;1;1;0;TSM Bjergsen
112;1740000;988;0;15;16;295;3;{u'y': 8685, u'x': 8864};0;11270;15574;1;1;0;TSM Bjergsen
113;1800000;1232;0;17;16;295;3;{u'y': 8557, u'x': 2119};0;11515;15814;1;1;0;TSM Bjergsen
114;1860000;447;0;17;17;296;3;{u'y': 10173, u'x': 4373};0;11979;16608;1;1;0;TSM Bjergsen
115;1920000;511;0;17;17;312;3;{u'y': 1327, u'x': 9142};0;12443;17344;1;1;0;TSM Bjergsen
116;1980000;1105;0;17;17;332;3;{u'y': 8066, u'x': 13544};0;13037;18353;1;1;0;TSM Bjergsen
117;2040000;1669;0;17;18;332;3;{u'y': 6541, u'x': 5873};0;13601;18794;2;1;0;TSM Bjergsen
118;2100000;2223;0;17;18;342;3;{u'y': 7484, u'x': 1537};0;14156;19120;2;1;0;TSM Bjergsen
119;2160000;1287;0;19;18;362;3;{u'y': 976, u'x': 5270};0;14770;19877;2;1;0;TSM Bjergsen
120;2220000;1789;0;19;18;378;3;{u'y': 11216, u'x': 10523};0;15272;20374;2;1;0;TSM Bjergsen
121;2280000;2230;0;23;18;383;3;{u'y': 6582, u'x': 3642};0;15712;21091;2;1;0;TSM Bjergsen
122;2340000;312;0;25;18;388;3;{u'y': 10481, u'x': 5404};0;16045;21561;2;1;0;TSM Bjergsen
123;2400000;1194;0;25;18;405;3;{u'y': 10215, u'x': 13988};0;16926;22793;2;1;0;TSM Bjergsen
124;2460000;1532;0;25;18;406;3;{u'y': 11105, u'x': 12979};0;17265;23270;2;3;1;TSM Bjergsen
125;2520000;1431;0;25;18;406;3;{u'y': 11105, u'x': 12979};0;17413;23270;2;3;1;TSM Bjergsen
126;60000;0;0;0;1;0;4;{u'y': 8983, u'x': 12195};0;475;0;0;0;0;TSM WildTurtle
127;120000;56;0;0;1;0;4;{u'y': 10922, u'x': 1774};0;531;0;0;0;0;TSM WildTurtle
128;180000;381;0;0;2;12;4;{u'y': 13384, u'x': 3075};0;856;499;0;0;0;TSM WildTurtle
129;240000;1060;0;0;3;21;4;{u'y': 13165, u'x': 3034};0;1535;940;1;0;0;TSM WildTurtle
130;300000;165;0;0;4;24;4;{u'y': 12664, u'x': 2196};0;1725;1147;1;0;0;TSM WildTurtle
131;360000;473;0;0;4;35;4;{u'y': 11175, u'x': 1386};0;2033;1515;1;0;0;TSM WildTurtle
132;420000;838;0;0;5;48;4;{u'y': 11572, u'x': 1302};0;2398;2108;1;0;0;TSM WildTurtle
133;480000;1283;0;0;6;65;4;{u'y': 12906, u'x': 2597};0;2843;2926;1;0;0;TSM WildTurtle
134;540000;1595;0;0;7;76;4;{u'y': 12901, u'x': 3623};0;3155;3363;1;0;0;TSM WildTurtle
135;600000;2247;0;0;7;89;4;{u'y': 13411, u'x': 5957};0;3807;3915;1;0;0;TSM WildTurtle
136;660000;89;0;0;7;89;4;{u'y': 3244, u'x': 12765};0;3919;3915;1;0;0;TSM WildTurtle
137;720000;519;0;0;8;105;4;{u'y': 4133, u'x': 13352};0;4349;4585;1;0;0;TSM WildTurtle
138;780000;1105;0;1;9;117;4;{u'y': 5524, u'x': 9572};0;4935;5094;1;0;0;TSM WildTurtle
139;840000;126;0;1;9;119;4;{u'y': 7138, u'x': 6653};0;5094;5211;1;0;0;TSM WildTurtle
140;900000;446;0;1;9;130;4;{u'y': 7292, u'x': 6989};0;5414;5547;1;0;0;TSM WildTurtle
141;960000;841;0;1;9;143;4;{u'y': 7421, u'x': 6899};0;5809;6108;1;0;0;TSM WildTurtle
142;1020000;1350;0;1;10;153;4;{u'y': 7700, u'x': 7611};0;6318;6448;1;0;0;TSM WildTurtle
143;1080000;105;0;1;10;163;4;{u'y': 5560, u'x': 5651};0;6623;6727;1;0;0;TSM WildTurtle
144;1140000;565;0;4;11;175;4;{u'y': 5816, u'x': 8508};0;7083;7523;1;0;0;TSM WildTurtle
145;1200000;1034;0;7;11;190;4;{u'y': 7312, u'x': 7615};0;7552;8278;1;0;0;TSM WildTurtle
146;1260000;1451;0;7;12;204;4;{u'y': 7468, u'x': 7427};0;7970;8929;1;0;0;TSM WildTurtle
147;1320000;1869;0;7;12;218;4;{u'y': 8529, u'x': 8301};0;8388;9395;1;0;0;TSM WildTurtle
148;1380000;92;0;7;12;226;4;{u'y': 4696, u'x': 4477};0;8686;9781;1;0;0;TSM WildTurtle
149;1440000;462;0;7;13;237;4;{u'y': 7311, u'x': 7714};0;9056;10356;1;0;0;TSM WildTurtle
150;1500000;934;0;10;13;249;4;{u'y': 7348, u'x': 7261};0;9528;10968;1;0;0;TSM WildTurtle
151;1560000;1462;0;10;13;254;4;{u'y': 2893, u'x': 11691};0;10056;11209;2;0;1;TSM WildTurtle
152;1620000;552;0;10;13;259;4;{u'y': 5876, u'x': 5974};0;10296;11406;2;0;1;TSM WildTurtle
153;1680000;1029;0;10;14;275;4;{u'y': 6996, u'x': 7144};0;10773;12234;2;0;1;TSM WildTurtle
154;1740000;1546;0;10;14;286;4;{u'y': 7868, u'x': 7770};0;11290;12835;2;0;1;TSM WildTurtle
155;1800000;1902;0;13;15;292;4;{u'y': 4924, u'x': 6172};0;11647;13382;2;0;1;TSM WildTurtle
156;1860000;477;0;13;15;297;4;{u'y': 9446, u'x': 4685};0;12171;14250;2;0;1;TSM WildTurtle
157;1920000;872;0;13;15;309;4;{u'y': 7453, u'x': 10071};0;12567;14698;2;0;1;TSM WildTurtle
158;1980000;1184;0;14;16;316;4;{u'y': 7595, u'x': 13565};0;12878;14959;2;0;1;TSM WildTurtle
159;2040000;2005;0;14;16;319;4;{u'y': 6272, u'x': 5406};0;13700;15598;3;2;1;TSM WildTurtle
160;2100000;2735;0;14;16;324;4;{u'y': 5470, u'x': 5621};0;14430;16164;4;2;1;TSM WildTurtle
161;2160000;363;0;17;17;326;4;{u'y': 7666, u'x': 7239};0;14682;16480;4;2;1;TSM WildTurtle
162;2220000;814;0;17;17;339;4;{u'y': 10962, u'x': 11227};0;15134;16923;4;2;1;TSM WildTurtle
163;2280000;127;0;20;17;343;4;{u'y': 5760, u'x': 5632};0;15471;17222;4;2;1;TSM WildTurtle
164;2340000;634;0;20;17;358;4;{u'y': 7838, u'x': 7652};0;15977;18146;4;2;1;TSM WildTurtle
165;2400000;1048;0;20;18;358;4;{u'y': 9902, u'x': 13759};0;16391;19139;4;2;1;TSM WildTurtle
166;2460000;2584;0;20;18;366;4;{u'y': 10486, u'x': 13752};0;17928;19993;8;2;1;TSM WildTurtle
167;2520000;3131;0;20;18;369;4;{u'y': 13770, u'x': 12669};0;18475;20505;9;2;1;TSM WildTurtle
168;60000;10;0;0;1;0;5;{u'y': 6635, u'x': 11499};0;515;0;0;0;0;TSM Lustboy
169;120000;70;0;0;1;0;5;{u'y': 7960, u'x': 4919};0;575;0;0;0;0;TSM Lustboy
170;180000;197;0;0;1;0;5;{u'y': 13532, u'x': 2646};0;702;115;0;0;0;TSM Lustboy
171;240000;484;0;0;2;3;5;{u'y': 13557, u'x': 2640};0;989;568;0;1;0;TSM Lustboy
172;300000;108;0;0;2;3;5;{u'y': 12678, u'x': 3024};0;1113;628;0;1;0;TSM Lustboy
173;360000;258;0;0;3;4;5;{u'y': 7864, u'x': 3069};0;1263;820;0;1;0;TSM Lustboy
174;420000;386;0;0;3;4;5;{u'y': 12356, u'x': 4926};0;1391;855;0;1;0;TSM Lustboy
175;480000;524;0;0;3;5;5;{u'y': 12670, u'x': 2721};0;1529;913;0;1;0;TSM Lustboy
176;540000;650;0;0;4;5;5;{u'y': 10798, u'x': 6135};0;1655;1261;0;1;0;TSM Lustboy
177;600000;909;0;0;4;5;5;{u'y': 12761, u'x': 6330};0;1914;1405;0;1;0;TSM Lustboy
178;660000;130;0;0;4;6;5;{u'y': 3971, u'x': 9086};0;2070;1405;0;1;0;TSM Lustboy
179;720000;301;0;0;4;7;5;{u'y': 6067, u'x': 11544};0;2241;1597;0;1;0;TSM Lustboy
180;780000;575;0;0;5;8;5;{u'y': 5585, u'x': 9407};0;2515;1825;0;1;0;TSM Lustboy
181;840000;139;0;0;5;9;5;{u'y': 7260, u'x': 2556};0;2654;2104;0;1;0;TSM Lustboy
182;900000;316;0;0;6;11;5;{u'y': 6775, u'x': 7141};0;2830;2561;0;1;0;TSM Lustboy
183;960000;352;0;0;7;11;5;{u'y': 5975, u'x': 7663};0;2966;3230;0;1;0;TSM Lustboy
184;1020000;674;0;0;7;12;5;{u'y': 6774, u'x': 7863};0;3289;3413;0;1;0;TSM Lustboy
185;1080000;250;0;0;7;13;5;{u'y': 8299, u'x': 823};0;3440;4037;0;1;0;TSM Lustboy
186;1140000;391;0;0;8;13;5;{u'y': 4824, u'x': 10099};0;3581;4268;0;1;0;TSM Lustboy
187;1200000;113;0;0;8;13;5;{u'y': 7278, u'x': 2922};0;3703;4369;0;1;0;TSM Lustboy
188;1260000;247;0;0;8;13;5;{u'y': 8176, u'x': 7571};0;3837;4561;0;1;0;TSM Lustboy
189;1320000;454;0;0;9;15;5;{u'y': 7518, u'x': 10685};0;4044;5373;0;1;0;TSM Lustboy
190;1380000;67;0;0;9;17;5;{u'y': 11086, u'x': 1140};0;4207;5436;0;1;0;TSM Lustboy
191;1440000;193;0;0;9;17;5;{u'y': 8487, u'x': 5815};0;4333;5772;0;1;1;TSM Lustboy
192;1500000;334;0;0;9;18;5;{u'y': 6236, u'x': 9341};0;4474;6096;0;1;1;TSM Lustboy
193;1560000;671;0;0;10;18;5;{u'y': 3232, u'x': 10738};0;4811;6585;0;3;1;TSM Lustboy
194;1620000;6;0;0;10;19;5;{u'y': 2583, u'x': 1585};0;4965;6585;0;3;1;TSM Lustboy
195;1680000;157;0;0;10;19;5;{u'y': 9456, u'x': 4472};0;5116;6927;0;3;1;TSM Lustboy
196;1740000;486;0;0;11;19;5;{u'y': 8365, u'x': 8011};0;5445;7792;0;3;1;TSM Lustboy
197;1800000;20;0;0;11;19;5;{u'y': 983, u'x': 1042};0;5579;7792;0;3;1;TSM Lustboy
198;1860000;491;0;0;11;20;5;{u'y': 10145, u'x': 4816};0;6050;8488;0;3;1;TSM Lustboy
199;1920000;708;0;0;12;21;5;{u'y': 7437, u'x': 10405};0;6267;9395;0;3;1;TSM Lustboy
200;1980000;848;0;0;12;21;5;{u'y': 7006, u'x': 13636};0;6407;9443;0;3;1;TSM Lustboy
201;2040000;1647;0;0;13;21;5;{u'y': 6486, u'x': 5683};0;7206;10482;1;5;1;TSM Lustboy
202;2100000;83;0;0;13;22;5;{u'y': 4426, u'x': 3899};0;7677;11023;1;5;1;TSM Lustboy
203;2160000;218;0;0;13;22;5;{u'y': 2673, u'x': 4960};0;7812;11023;1;5;1;TSM Lustboy
204;2220000;457;0;0;14;24;5;{u'y': 10791, u'x': 11345};0;8051;11707;1;5;1;TSM Lustboy
205;2280000;696;0;1;14;25;5;{u'y': 627, u'x': 376};0;8290;11881;1;5;1;TSM Lustboy
206;2340000;152;0;1;14;26;5;{u'y': 10084, u'x': 6304};0;8446;11881;1;5;1;TSM Lustboy
207;2400000;587;0;1;14;26;5;{u'y': 9390, u'x': 12522};0;8881;12661;1;5;1;TSM Lustboy
208;2460000;1050;0;1;15;27;5;{u'y': 10512, u'x': 12792};0;9344;14319;1;7;1;TSM Lustboy
209;2520000;1406;0;1;16;28;5;{u'y': 12884, u'x': 13407};0;9700;14973;1;8;1;TSM Lustboy
210;60000;0;0;0;1;0;6;{u'y': 9583, u'x': 3501};0;475;0;0;0;0;CLG ZionSpartan
211;120000;56;0;0;1;0;6;{u'y': 11176, u'x': 3044};0;531;0;0;0;0;CLG ZionSpartan
212;180000;265;0;0;2;5;6;{u'y': 12711, u'x': 4159};0;741;323;0;0;0;CLG ZionSpartan
213;240000;30;0;0;3;9;6;{u'y': 14045, u'x': 4169};0;945;945;0;0;1;CLG ZionSpartan
214;300000;405;0;0;4;17;6;{u'y': 13346, u'x': 3506};0;1355;1508;0;0;1;CLG ZionSpartan
215;360000;596;0;0;5;21;6;{u'y': 13280, u'x': 3542};0;1546;1979;0;0;1;CLG ZionSpartan
216;420000;185;0;0;5;22;6;{u'y': 13639, u'x': 3426};0;1680;2038;0;0;1;CLG ZionSpartan
217;480000;299;0;0;5;22;6;{u'y': 13405, u'x': 3831};0;1794;2097;0;0;1;CLG ZionSpartan
218;540000;463;0;1;6;24;6;{u'y': 13723, u'x': 4716};0;1958;2504;0;0;1;CLG ZionSpartan
219;600000;599;0;1;6;25;6;{u'y': 14391, u'x': 14340};0;2094;2641;0;0;1;CLG ZionSpartan
220;660000;312;0;1;6;36;6;{u'y': 13903, u'x': 6558};0;2407;3081;0;0;1;CLG ZionSpartan
221;720000;656;0;1;7;47;6;{u'y': 10232, u'x': 1338};0;2751;3850;0;0;1;CLG ZionSpartan
222;780000;1238;0;1;8;57;6;{u'y': 10744, u'x': 1081};0;3333;4439;0;0;1;CLG ZionSpartan
223;840000;1537;0;1;8;66;6;{u'y': 11297, u'x': 1584};0;3632;4831;0;0;1;CLG ZionSpartan
224;900000;360;0;3;9;66;6;{u'y': 13122, u'x': 6865};0;3825;5106;0;0;1;CLG ZionSpartan
225;960000;377;0;3;9;75;6;{u'y': 13780, u'x': 7259};0;4142;5580;0;0;1;CLG ZionSpartan
226;1020000;760;0;3;10;89;6;{u'y': 13743, u'x': 5153};0;4525;6257;0;0;1;CLG ZionSpartan
227;1080000;1148;0;3;10;102;6;{u'y': 10302, u'x': 1370};0;4913;6997;0;0;1;CLG ZionSpartan
228;1140000;604;0;3;11;111;6;{u'y': 14391, u'x': 14340};0;5224;7560;0;0;1;CLG ZionSpartan
229;1200000;527;0;3;11;118;6;{u'y': 13361, u'x': 3211};0;5472;7855;0;0;1;CLG ZionSpartan
230;1260000;297;0;3;11;121;6;{u'y': 14020, u'x': 7558};0;5677;8182;0;0;1;CLG ZionSpartan
231;1320000;628;0;3;12;131;6;{u'y': 13648, u'x': 6989};0;6008;8627;0;0;1;CLG ZionSpartan
232;1380000;1093;0;3;12;147;6;{u'y': 13815, u'x': 6410};0;6473;9435;0;0;1;CLG ZionSpartan
233;1440000;1030;0;3;13;159;6;{u'y': 13628, u'x': 6847};0;6975;9998;0;0;1;CLG ZionSpartan
234;1500000;1362;0;3;13;168;6;{u'y': 13493, u'x': 4070};0;7307;10624;0;0;1;CLG ZionSpartan
235;1560000;1595;0;3;13;171;6;{u'y': 3497, u'x': 11507};0;7541;11015;0;1;1;CLG ZionSpartan
236;1620000;124;0;3;13;172;6;{u'y': 13900, u'x': 10412};0;7670;11180;0;1;1;CLG ZionSpartan
237;1680000;363;0;3;14;178;6;{u'y': 13764, u'x': 5623};0;7908;11580;0;1;1;CLG ZionSpartan
238;1740000;283;0;3;14;181;6;{u'y': 13526, u'x': 8745};0;8262;11811;0;1;1;CLG ZionSpartan
239;1800000;467;0;3;14;184;6;{u'y': 7952, u'x': 8260};0;8446;12091;0;1;1;CLG ZionSpartan
240;1860000;45;0;3;14;193;6;{u'y': 11572, u'x': 9542};0;8769;12537;0;1;1;CLG ZionSpartan
241;1920000;285;0;3;14;199;6;{u'y': 13788, u'x': 7649};0;9010;12802;0;1;1;CLG ZionSpartan
242;1980000;572;0;3;15;206;6;{u'y': 7561, u'x': 11282};0;9296;13246;0;1;1;CLG ZionSpartan
243;2040000;836;0;3;15;206;6;{u'y': 5087, u'x': 5489};0;9560;13393;0;1;2;CLG ZionSpartan
244;2100000;128;0;3;15;208;6;{u'y': 7370, u'x': 7537};0;9713;13554;0;1;2;CLG ZionSpartan
245;2160000;455;0;3;15;216;6;{u'y': 2866, u'x': 6741};0;10039;13952;0;1;2;CLG ZionSpartan
246;2220000;134;0;3;15;216;6;{u'y': 12811, u'x': 10595};0;10153;14087;0;1;2;CLG ZionSpartan
247;2280000;272;0;3;15;217;6;{u'y': 11724, u'x': 7584};0;10292;14307;0;1;2;CLG ZionSpartan
248;2340000;467;0;3;15;220;6;{u'y': 11375, u'x': 9189};0;10486;14430;0;1;2;CLG ZionSpartan
249;2400000;9;0;3;16;236;6;{u'y': 13469, u'x': 13735};0;11029;15156;0;1;2;CLG ZionSpartan
250;2460000;197;0;3;16;236;6;{u'y': 12098, u'x': 13873};0;11217;15562;0;2;2;CLG ZionSpartan
251;2520000;245;0;3;16;236;6;{u'y': 11885, u'x': 13066};0;11265;15654;0;2;3;CLG ZionSpartan
252;60000;5;0;0;1;0;7;{u'y': 6942, u'x': 3283};0;475;0;0;0;0;CLG Xmithie
253;120000;61;0;0;1;0;7;{u'y': 8009, u'x': 3649};0;531;0;0;0;0;CLG Xmithie
254;180000;350;0;7;2;0;7;{u'y': 10911, u'x': 7027};0;820;500;0;0;0;CLG Xmithie
255;240000;555;0;10;3;0;7;{u'y': 2397, u'x': 8924};0;1025;712;0;0;0;CLG Xmithie
256;300000;988;0;15;3;0;7;{u'y': 7775, u'x': 11511};0;1458;1112;0;0;0;CLG Xmithie
257;360000;197;0;18;4;0;7;{u'y': 4669, u'x': 10028};0;1687;1314;0;0;0;CLG Xmithie
258;420000;396;0;19;4;1;7;{u'y': 2224, u'x': 8950};0;1886;1376;0;0;0;CLG Xmithie
259;480000;707;0;24;5;1;7;{u'y': 6329, u'x': 8025};0;2197;1901;0;0;0;CLG Xmithie
260;540000;68;0;27;5;1;7;{u'y': 11725, u'x': 7746};0;2428;2180;0;0;0;CLG Xmithie
261;600000;233;0;27;5;3;7;{u'y': 13914, u'x': 7421};0;2593;2258;0;0;0;CLG Xmithie
262;660000;525;0;29;6;9;7;{u'y': 8478, u'x': 11220};0;2955;2971;0;0;0;CLG Xmithie
263;720000;1161;0;36;7;9;7;{u'y': 10088, u'x': 1005};0;3591;3675;1;0;0;CLG Xmithie
264;780000;44;0;38;7;10;7;{u'y': 13962, u'x': 13934};0;3954;4048;1;0;0;CLG Xmithie
265;840000;359;0;40;8;11;7;{u'y': 9551, u'x': 6209};0;4269;4509;1;0;0;CLG Xmithie
266;900000;920;0;50;9;17;7;{u'y': 5960, u'x': 11210};0;4830;5384;1;0;0;CLG Xmithie
267;960000;1269;0;51;9;17;7;{u'y': 6323, u'x': 12540};0;5179;5745;1;1;0;CLG Xmithie
268;1020000;1611;0;56;10;18;7;{u'y': 12106, u'x': 6490};0;5521;6311;1;1;0;CLG Xmithie
269;1080000;15;0;59;10;19;7;{u'y': 12586, u'x': 13654};0;5860;6561;1;1;0;CLG Xmithie
270;1140000;379;0;63;10;20;7;{u'y': 9228, u'x': 9707};0;6224;7064;1;1;0;CLG Xmithie
271;1200000;745;0;68;11;21;7;{u'y': 9120, u'x': 6294};0;6590;7564;1;1;0;CLG Xmithie
272;1260000;958;0;69;11;21;7;{u'y': 1592, u'x': 7241};0;6803;7975;1;1;0;CLG Xmithie
273;1320000;44;0;72;11;21;7;{u'y': 7704, u'x': 12056};0;7040;8278;1;1;0;CLG Xmithie
274;1380000;270;0;74;12;21;7;{u'y': 9256, u'x': 4972};0;7265;8616;1;1;0;CLG Xmithie
275;1440000;27;0;76;12;23;7;{u'y': 14391, u'x': 14340};0;8072;9019;2;1;0;CLG Xmithie
276;1500000;239;0;77;12;23;7;{u'y': 4085, u'x': 11049};0;8284;9319;2;1;0;CLG Xmithie
277;1560000;355;0;77;12;23;7;{u'y': 5666, u'x': 11520};0;8400;9378;2;1;1;CLG Xmithie
278;1620000;344;0;82;12;23;7;{u'y': 10932, u'x': 7701};0;8675;9860;2;1;1;CLG Xmithie
279;1680000;244;0;88;13;23;7;{u'y': 6763, u'x': 11849};0;9050;10474;2;1;1;CLG Xmithie
280;1740000;756;0;90;13;24;7;{u'y': 2328, u'x': 7958};0;9562;11256;2;1;1;CLG Xmithie
281;1800000;1029;0;93;14;24;7;{u'y': 7879, u'x': 7444};0;9835;11690;2;1;1;CLG Xmithie
282;1860000;144;0;93;14;24;7;{u'y': 9849, u'x': 6458};0;9950;11768;2;1;1;CLG Xmithie
283;1920000;397;0;95;14;25;7;{u'y': 9791, u'x': 6579};0;10203;12267;2;1;1;CLG Xmithie
284;1980000;541;0;95;14;26;7;{u'y': 8152, u'x': 13690};0;10347;12293;2;1;1;CLG Xmithie
285;2040000;924;0;95;14;32;7;{u'y': 6246, u'x': 7314};0;10730;12778;2;1;2;CLG Xmithie
286;2100000;205;0;95;14;35;7;{u'y': 9523, u'x': 7879};0;10912;12964;2;1;2;CLG Xmithie
287;2160000;574;0;101;15;36;7;{u'y': 2724, u'x': 6464};0;11280;13476;2;1;2;CLG Xmithie
288;2220000;388;0;101;15;36;7;{u'y': 11836, u'x': 11392};0;11394;13476;2;1;2;CLG Xmithie
289;2280000;624;0;101;15;39;7;{u'y': 10134, u'x': 7150};0;11631;13735;2;1;2;CLG Xmithie
290;2340000;319;0;101;15;40;7;{u'y': 10932, u'x': 7701};0;11776;13735;2;1;2;CLG Xmithie
291;2400000;122;0;102;15;40;7;{u'y': 11975, u'x': 14025};0;11979;13862;2;1;2;CLG Xmithie
292;2460000;280;0;102;15;40;7;{u'y': 11236, u'x': 13239};0;12137;14266;2;2;3;CLG Xmithie
293;2520000;329;0;102;15;40;7;{u'y': 11236, u'x': 13239};0;12185;14266;2;2;3;CLG Xmithie
294;60000;25;0;0;1;0;8;{u'y': 11576, u'x': 7035};0;475;0;0;0;0;CLG Link
295;120000;46;0;0;1;0;8;{u'y': 8508, u'x': 8392};0;531;0;0;0;0;CLG Link
296;180000;295;0;0;2;8;8;{u'y': 7524, u'x': 7751};0;781;458;0;0;0;CLG Link
297;240000;95;0;0;3;16;8;{u'y': 12546, u'x': 12487};0;1055;1080;0;0;0;CLG Link
298;300000;542;0;1;4;26;8;{u'y': 7343, u'x': 9291};0;1502;1693;0;0;0;CLG Link
299;360000;830;0;1;5;36;8;{u'y': 7614, u'x': 8197};0;1790;2164;0;0;0;CLG Link
300;420000;1114;0;1;6;44;8;{u'y': 7377, u'x': 7914};0;2074;2736;0;0;0;CLG Link
301;480000;1362;0;1;7;50;8;{u'y': 8085, u'x': 8813};0;2322;3299;0;0;0;CLG Link
302;540000;140;0;1;7;56;8;{u'y': 7439, u'x': 7553};0;2545;3582;0;0;0;CLG Link
303;600000;439;0;1;7;65;8;{u'y': 8749, u'x': 8399};0;2844;3997;0;0;0;CLG Link
304;660000;759;0;3;8;72;8;{u'y': 8143, u'x': 8562};0;3164;4486;0;0;0;CLG Link
305;720000;1045;0;3;8;81;8;{u'y': 8501, u'x': 8087};0;3450;5016;0;0;0;CLG Link
306;780000;1531;0;3;9;93;8;{u'y': 8649, u'x': 8500};0;3936;5638;0;0;0;CLG Link
307;840000;1819;0;3;10;101;8;{u'y': 7373, u'x': 7563};0;4224;6121;0;0;0;CLG Link
308;900000;87;0;3;10;107;8;{u'y': 6206, u'x': 8350};0;4452;6315;0;0;0;CLG Link
309;960000;16;0;3;10;112;8;{u'y': 1088, u'x': 7507};0;4956;6602;1;0;1;CLG Link
310;1020000;244;0;3;10;118;8;{u'y': 6839, u'x': 13409};0;5184;6867;1;0;1;CLG Link
311;1080000;578;0;3;11;130;8;{u'y': 7093, u'x': 14096};0;5518;7485;1;0;1;CLG Link
312;1140000;941;0;3;11;141;8;{u'y': 6494, u'x': 13994};0;5881;8048;1;0;1;CLG Link
313;1200000;256;0;3;11;146;8;{u'y': 4515, u'x': 13482};0;6103;8313;1;0;1;CLG Link
314;1260000;756;0;3;12;163;8;{u'y': 1227, u'x': 7300};0;6602;9171;1;0;1;CLG Link
315;1320000;914;0;3;12;165;8;{u'y': 3075, u'x': 13026};0;6760;9347;1;0;1;CLG Link
316;1380000;268;0;3;12;169;8;{u'y': 9780, u'x': 10331};0;6974;9527;1;0;1;CLG Link
317;1440000;618;0;3;12;170;8;{u'y': 8264, u'x': 11363};0;7324;9636;1;1;1;CLG Link
318;1500000;1145;0;3;13;188;8;{u'y': 4462, u'x': 10855};0;7852;10527;1;1;1;CLG Link
319;1560000;1335;0;3;13;189;8;{u'y': 3377, u'x': 11737};0;8041;10712;1;2;1;CLG Link
320;1620000;1584;0;3;13;194;8;{u'y': 1350, u'x': 10751};0;8291;11099;1;2;1;CLG Link
321;1680000;415;0;4;14;202;8;{u'y': 7152, u'x': 11554};0;8584;11584;1;2;1;CLG Link
322;1740000;1215;0;5;14;222;8;{u'y': 2263, u'x': 7849};0;9383;12487;1;2;1;CLG Link
323;1800000;540;0;5;14;228;8;{u'y': 8436, u'x': 6430};0;9648;12657;1;2;1;CLG Link
324;1860000;914;0;5;15;240;8;{u'y': 9840, u'x': 6270};0;10023;13279;1;2;1;CLG Link
325;1920000;362;0;6;15;247;8;{u'y': 12367, u'x': 13068};0;10331;13690;1;2;1;CLG Link
326;1980000;587;0;6;15;252;8;{u'y': 7835, u'x': 12074};0;10556;13807;1;2;1;CLG Link
327;2040000;912;0;7;15;253;8;{u'y': 5502, u'x': 5946};0;10881;14054;1;2;2;CLG Link
328;2100000;1164;0;7;15;258;8;{u'y': 7753, u'x': 7850};0;11132;14215;1;2;2;CLG Link
329;2160000;1609;0;10;16;268;8;{u'y': 1637, u'x': 6716};0;11577;14985;1;2;2;CLG Link
330;2220000;346;0;10;16;271;8;{u'y': 11786, u'x': 12072};0;11750;15120;1;2;2;CLG Link
331;2280000;593;0;10;16;277;8;{u'y': 11761, u'x': 7918};0;11996;15379;1;2;2;CLG Link
332;2340000;777;0;10;16;280;8;{u'y': 9827, u'x': 10358};0;12181;15709;1;2;2;CLG Link
333;2400000;311;0;10;16;285;8;{u'y': 10838, u'x': 13154};0;12414;16130;1;2;2;CLG Link
334;2460000;208;0;10;17;290;8;{u'y': 11467, u'x': 13222};0;12712;16580;1;3;3;CLG Link
335;2520000;257;0;10;17;290;8;{u'y': 11467, u'x': 13222};0;12760;16580;1;3;3;CLG Link
336;60000;0;0;0;1;0;9;{u'y': 5590, u'x': 2510};0;475;0;0;0;0;CLG Doublelift
337;120000;56;0;0;1;0;9;{u'y': 7646, u'x': 9081};0;531;0;0;0;0;CLG Doublelift
338;180000;346;0;0;2;10;9;{u'y': 2719, u'x': 12241};0;821;441;0;0;0;CLG Doublelift
339;240000;685;0;0;3;22;9;{u'y': 1527, u'x': 9919};0;1160;860;0;0;0;CLG Doublelift
340;300000;66;0;0;4;28;9;{u'y': 11265, u'x': 13806};0;1655;1142;0;0;0;CLG Doublelift
341;360000;317;0;0;4;36;9;{u'y': 2750, u'x': 12430};0;1907;1436;0;0;0;CLG Doublelift
342;420000;667;0;0;5;48;9;{u'y': 1770, u'x': 12726};0;2257;1999;0;0;0;CLG Doublelift
343;480000;1029;0;0;6;62;9;{u'y': 2892, u'x': 13345};0;2619;2587;0;0;0;CLG Doublelift
344;540000;1381;0;0;6;74;9;{u'y': 3755, u'x': 13213};0;2971;3150;0;0;0;CLG Doublelift
345;600000;1763;0;0;7;87;9;{u'y': 3673, u'x': 13052};0;3353;3831;0;0;0;CLG Doublelift
346;660000;2140;0;0;8;100;9;{u'y': 4042, u'x': 13272};0;3730;4483;0;0;0;CLG Doublelift
347;720000;30;0;0;8;106;9;{u'y': 9501, u'x': 12878};0;3956;4735;0;0;0;CLG Doublelift
348;780000;399;0;1;9;109;9;{u'y': 7363, u'x': 13491};0;4325;5070;0;0;0;CLG Doublelift
349;840000;903;0;1;9;129;9;{u'y': 4639, u'x': 13257};0;4829;5987;0;0;0;CLG Doublelift
350;900000;131;0;1;10;135;9;{u'y': 7982, u'x': 7945};0;5057;6252;0;0;0;CLG Doublelift
351;960000;564;0;1;10;150;9;{u'y': 8141, u'x': 8314};0;5490;6865;0;0;0;CLG Doublelift
352;1020000;849;0;1;10;158;9;{u'y': 9052, u'x': 10070};0;5775;7098;0;0;0;CLG Doublelift
353;1080000;1242;0;1;11;172;9;{u'y': 7855, u'x': 7127};0;6168;7651;0;0;0;CLG Doublelift
354;1140000;124;0;5;11;181;9;{u'y': 12993, u'x': 12319};0;6525;8141;0;0;0;CLG Doublelift
355;1200000;452;0;5;11;191;9;{u'y': 8480, u'x': 8253};0;6853;8553;0;0;0;CLG Doublelift
356;1260000;919;0;5;12;207;9;{u'y': 7975, u'x': 8740};0;7320;9055;0;0;0;CLG Doublelift
357;1320000;1250;0;9;12;213;9;{u'y': 9202, u'x': 9213};0;7651;9449;0;0;0;CLG Doublelift
358;1380000;726;0;9;13;235;9;{u'y': 7745, u'x': 7375};0;8228;10085;0;0;0;CLG Doublelift
359;1440000;1160;0;12;13;239;9;{u'y': 8817, u'x': 10805};0;8661;10336;0;1;0;CLG Doublelift
360;1500000;91;0;15;13;249;9;{u'y': 9719, u'x': 10070};0;9100;10968;0;1;0;CLG Doublelift
361;1560000;694;0;15;13;256;9;{u'y': 3026, u'x': 11948};0;9703;11326;1;1;0;CLG Doublelift
362;1620000;1190;0;16;14;270;9;{u'y': 8583, u'x': 7432};0;10200;11943;1;1;0;CLG Doublelift
363;1680000;428;0;19;14;277;9;{u'y': 8305, u'x': 8212};0;10588;12413;1;1;0;CLG Doublelift
364;1740000;921;0;19;14;287;9;{u'y': 6929, u'x': 10017};0;11081;12753;1;1;0;CLG Doublelift
365;1800000;1309;0;23;15;297;9;{u'y': 7877, u'x': 7483};0;11469;13246;1;1;0;CLG Doublelift
366;1860000;449;0;26;15;304;9;{u'y': 11582, u'x': 10660};0;11858;13641;1;1;0;CLG Doublelift
367;1920000;874;0;30;15;314;9;{u'y': 10260, u'x': 9691};0;12284;14132;1;1;0;CLG Doublelift
368;1980000;1279;0;33;15;322;9;{u'y': 7790, u'x': 11481};0;12689;14608;1;1;0;CLG Doublelift
369;2040000;1763;0;33;16;329;9;{u'y': 7995, u'x': 4789};0;13173;14909;1;1;0;CLG Doublelift
370;2100000;177;0;33;16;329;9;{u'y': 10824, u'x': 3055};0;13287;14909;1;1;1;CLG Doublelift
371;2160000;461;0;37;16;329;9;{u'y': 804, u'x': 7505};0;13570;15330;1;1;1;CLG Doublelift
372;2220000;739;0;37;16;335;9;{u'y': 12170, u'x': 11358};0;13849;15466;1;1;1;CLG Doublelift
373;2280000;1385;0;37;16;356;9;{u'y': 13686, u'x': 7972};0;14495;16160;1;1;1;CLG Doublelift
374;2340000;1797;0;37;17;367;9;{u'y': 9439, u'x': 12132};0;14907;16516;1;1;1;CLG Doublelift
375;2400000;384;0;40;17;387;9;{u'y': 11049, u'x': 13568};0;15618;17574;1;1;1;CLG Doublelift
376;2460000;1017;0;40;17;395;9;{u'y': 11080, u'x': 13999};0;16251;17994;2;1;2;CLG Doublelift
377;2520000;1066;0;40;17;395;9;{u'y': 11080, u'x': 13999};0;16299;17994;2;1;2;CLG Doublelift
378;60000;10;0;0;1;0;10;{u'y': 7026, u'x': 4764};0;515;0;0;0;0;CLG aphromoo
379;120000;76;0;0;1;0;10;{u'y': 7826, u'x': 3329};0;581;0;0;0;0;CLG aphromoo
380;180000;235;0;0;1;0;10;{u'y': 3652, u'x': 13029};0;740;134;0;0;0;CLG aphromoo
381;240000;422;0;0;2;0;10;{u'y': 1399, u'x': 10343};0;927;552;0;0;0;CLG aphromoo
382;300000;118;0;0;2;0;10;{u'y': 12111, u'x': 12365};0;1198;629;0;0;0;CLG aphromoo
383;360000;314;0;0;3;2;10;{u'y': 4787, u'x': 10641};0;1394;687;0;0;0;CLG aphromoo
384;420000;449;0;0;3;2;10;{u'y': 2121, u'x': 9019};0;1529;815;0;0;0;CLG aphromoo
385;480000;620;0;0;3;3;10;{u'y': 6651, u'x': 8347};0;1700;815;0;0;0;CLG aphromoo
386;540000;74;0;0;4;9;10;{u'y': 14029, u'x': 13935};0;1954;1157;0;0;0;CLG aphromoo
387;600000;245;0;0;4;10;10;{u'y': 13530, u'x': 8312};0;2125;1157;0;0;0;CLG aphromoo
388;660000;384;0;0;4;10;10;{u'y': 5492, u'x': 11079};0;2264;1276;0;0;0;CLG aphromoo
389;720000;539;0;0;4;11;10;{u'y': 9541, u'x': 11815};0;2419;1657;0;0;0;CLG aphromoo
390;780000;321;0;0;5;12;10;{u'y': 7534, u'x': 11771};0;2711;1791;0;0;0;CLG aphromoo
391;840000;487;0;0;5;13;10;{u'y': 6397, u'x': 8435};0;2877;1887;0;0;0;CLG aphromoo
392;900000;662;0;0;6;14;10;{u'y': 7755, u'x': 8495};0;3052;2511;0;0;0;CLG aphromoo
393;960000;810;0;0;7;14;10;{u'y': 7849, u'x': 8666};0;3200;3378;0;0;0;CLG aphromoo
394;1020000;166;0;0;7;14;10;{u'y': 9836, u'x': 10682};0;3342;3533;0;0;0;CLG aphromoo
395;1080000;340;0;0;8;15;10;{u'y': 7970, u'x': 7656};0;3516;4138;0;0;0;CLG aphromoo
396;1140000;312;0;0;8;16;10;{u'y': 12570, u'x': 11967};0;3688;4429;0;0;0;CLG aphromoo
397;1200000;450;0;0;8;16;10;{u'y': 8542, u'x': 8149};0;3826;4861;0;0;0;CLG aphromoo
398;1260000;630;0;0;9;17;10;{u'y': 8304, u'x': 8831};0;4006;5477;0;0;0;CLG aphromoo
399;1320000;770;0;0;9;17;10;{u'y': 9397, u'x': 9746};0;4146;5672;0;0;0;CLG aphromoo
400;1380000;471;0;0;10;17;10;{u'y': 8523, u'x': 6634};0;4297;6567;0;0;0;CLG aphromoo
401;1440000;852;0;0;10;17;10;{u'y': 10112, u'x': 10062};0;4679;6823;0;1;0;CLG aphromoo
402;1500000;518;0;0;10;18;10;{u'y': 9378, u'x': 9645};0;4844;7072;0;1;0;CLG aphromoo
403;1560000;806;0;0;11;18;10;{u'y': 3665, u'x': 11691};0;5132;7662;0;2;1;CLG aphromoo
404;1620000;43;0;0;11;18;10;{u'y': 8755, u'x': 8608};0;5258;7662;0;2;1;CLG aphromoo
405;1680000;176;0;0;11;18;10;{u'y': 7926, u'x': 8535};0;5391;7933;0;2;1;CLG aphromoo
406;1740000;489;0;0;12;19;10;{u'y': 7852, u'x': 10215};0;5704;8622;0;2;1;CLG aphromoo
407;1800000;403;0;0;12;19;10;{u'y': 13576, u'x': 13081};0;5853;8921;0;2;1;CLG aphromoo
408;1860000;530;0;0;12;19;10;{u'y': 9769, u'x': 6898};0;5980;9115;0;2;1;CLG aphromoo
409;1920000;676;0;0;12;19;10;{u'y': 9863, u'x': 9986};0;6126;9869;0;2;1;CLG aphromoo
410;1980000;808;0;0;13;19;10;{u'y': 7441, u'x': 11926};0;6258;10203;0;2;1;CLG aphromoo
411;2040000;1139;0;0;13;19;10;{u'y': 7076, u'x': 4749};0;6589;10485;0;2;2;CLG aphromoo
412;2100000;219;0;0;13;19;10;{u'y': 7190, u'x': 6947};0;6719;10888;0;2;2;CLG aphromoo
413;2160000;345;0;0;13;19;10;{u'y': 2746, u'x': 6414};0;6845;11112;0;2;2;CLG aphromoo
414;2220000;304;0;0;14;19;10;{u'y': 11989, u'x': 11902};0;6974;11451;0;2;2;CLG aphromoo
415;2280000;437;0;0;14;19;10;{u'y': 12912, u'x': 8543};0;7107;11994;0;2;2;CLG aphromoo
416;2340000;483;0;0;14;19;10;{u'y': 9683, u'x': 11484};0;7253;12117;0;2;2;CLG aphromoo
417;2400000;6;0;0;14;19;10;{u'y': 12614, u'x': 14009};0;7376;12167;0;2;2;CLG aphromoo
418;2460000;256;0;0;14;20;10;{u'y': 11242, u'x': 13262};0;7627;12671;0;3;3;CLG aphromoo
419;2520000;308;0;0;14;20;10;{u'y': 11242, u'x': 13262};0;7679;12671;0;3;3;CLG aphromoo
